Judul Film,Genre,Durasi (Menit),Rating Usia,Sutradara,text,rm_html,rm_hashtag,lower_case,rm_url,rm_punc,rm_stopwords,stem
"IBU, BAGAIMANA AKU TANPAMU?","Drama, Family",111,SU,Herwin Novianto,"IBU, BAGAIMANA AKU TANPAMU?","IBU, BAGAIMANA AKU TANPAMU?","IBU, BAGAIMANA AKU TANPAMU?","ibu, bagaimana aku tanpamu?","ibu, bagaimana aku tanpamu?",ibu bagaimana aku tanpamu,tanpamu,tanpa
AVENGERS ENDGAME: ENCORE,"Action, Adventure, Fantasy",186,R13+,"Anthony Russo, Joe Russo",AVENGERS ENDGAME: ENCORE,AVENGERS ENDGAME: ENCORE,AVENGERS ENDGAME: ENCORE,avengers endgame: encore,avengers endgame: encore,avengers endgame encore,avengers endgame encore,avengers endgame encore
RESIDENT EVIL,"Psychological Thriller, Sci-Fi",94,D17+,Zach Cregger,RESIDENT EVIL,RESIDENT EVIL,RESIDENT EVIL,resident evil,resident evil,resident evil,resident evil,resident evil
DANIEL AND THE FIERY FURNACE,Drama,108,R13+,"Matthew Kooman, Daniel Kooman",DANIEL AND THE FIERY FURNACE,DANIEL AND THE FIERY FURNACE,DANIEL AND THE FIERY FURNACE,daniel and the fiery furnace,daniel and the fiery furnace,daniel and the fiery furnace,daniel fiery furnace,daniel fiery furnace
AGENSI RUMAH TANGGA,"Comedy, Drama",115,R13+,Naya Anindita,AGENSI RUMAH TANGGA,AGENSI RUMAH TANGGA,AGENSI RUMAH TANGGA,agensi rumah tangga,agensi rumah tangga,agensi rumah tangga,agensi rumah tangga,agens rumah tangga
MEMBURU PEMANGSA,"Action, Crime, Horror",115,D17+,Umay Shahab,MEMBURU PEMANGSA,MEMBURU PEMANGSA,MEMBURU PEMANGSA,memburu pemangsa,memburu pemangsa,memburu pemangsa,memburu pemangsa,buru mangsa
HEART OF THE BEAST,"Adventure, Survival",101,R13+,David Ayer,HEART OF THE BEAST,HEART OF THE BEAST,HEART OF THE BEAST,heart of the beast,heart of the beast,heart of the beast,heart beast,heart beast
FALL 2: DEADPOINT,"Psychological Thriller, Survival",97,D17+,"Peter Spierig, Michael Spierig",FALL 2: DEADPOINT,FALL 2: DEADPOINT,FALL 2: DEADPOINT,fall 2: deadpoint,fall 2: deadpoint,fall 2 deadpoint,fall 2 deadpoint,fall 2 deadpoint
IBADAH & CINTA,Drama,116,R13+,Jastis Arimba,IBADAH & CINTA,IBADAH & CINTA,IBADAH & CINTA,ibadah & cinta,ibadah & cinta,ibadah cinta,ibadah cinta,ibadah cinta
BISIKAN DESA GRINGSING,"Horror, Mystery",108,D17+,Ivander Tedjasukmana,BISIKAN DESA GRINGSING,BISIKAN DESA GRINGSING,BISIKAN DESA GRINGSING,bisikan desa gringsing,bisikan desa gringsing,bisikan desa gringsing,bisikan desa gringsing,bisikan desa gringsing
LUCKY STRIKE,"Action, War",103,R13+,Rod Lurie,LUCKY STRIKE,LUCKY STRIKE,LUCKY STRIKE,lucky strike,lucky strike,lucky strike,lucky strike,lucky strike
HASUT,"Horror, Mystery",96,D17+,Ilya Sigma,HASUT,HASUT,HASUT,hasut,hasut,hasut,hasut,hasut
INSIDIOUS: OUT OF THE FURTHER,Horror,106,R13+,Jacob Chase,INSIDIOUS: OUT OF THE FURTHER,INSIDIOUS: OUT OF THE FURTHER,INSIDIOUS: OUT OF THE FURTHER,insidious: out of the further,insidious: out of the further,insidious out of the further,insidious,insidious
ISTIMEWA,Drama,119,SU,Ruben Adrian,ISTIMEWA,ISTIMEWA,ISTIMEWA,istimewa,istimewa,istimewa,istimewa,istimewa
RUNNER,"Action, Comedy",98,D17+,Scott Waugh,RUNNER,RUNNER,RUNNER,runner,runner,runner,runner,runner
DEAR YOU,Drama,119,R13+,Lan Hongchun,DEAR YOU,DEAR YOU,DEAR YOU,dear you,dear you,dear you,dear,dear
MUNAFIK: MELAWAN IBLIS,Horror,103,D17+,Guntur Soeharjanto,MUNAFIK: MELAWAN IBLIS,MUNAFIK: MELAWAN IBLIS,MUNAFIK: MELAWAN IBLIS,munafik: melawan iblis,munafik: melawan iblis,munafik melawan iblis,munafik melawan iblis,munafik melawan iblis
HANUMAN ANSH,"Biography, Drama",150,SU,Vishal Chaturvedi,HANUMAN ANSH,HANUMAN ANSH,HANUMAN ANSH,hanuman ansh,hanuman ansh,hanuman ansh,hanuman ansh,hanuman ansh
HOPE,"Mystery, Sci-Fi",156,R13+,Na Hong-jin,HOPE,HOPE,HOPE,hope,hope,hope,hope,hope
THE VVAAN,Action,134,D17+,Deepak Kumar Mishra,THE VVAAN,THE VVAAN,THE VVAAN,the vvaan,the vvaan,the vvaan,vvaan,vvaan
OPERASI PESTA COPET,Drama,113,R13+,Edy Khemod,OPERASI PESTA COPET,OPERASI PESTA COPET,OPERASI PESTA COPET,operasi pesta copet,operasi pesta copet,operasi pesta copet,operasi pesta copet,operasi pesta copet
URANG BUNIAN,Horror,88,R13+,Rendy Herpy,URANG BUNIAN,URANG BUNIAN,URANG BUNIAN,urang bunian,urang bunian,urang bunian,urang bunian,urang bunian
KUASA GELAP: PERJANJIAN DARAH,Horror,117,R13+,Rizal Mantovani,KUASA GELAP: PERJANJIAN DARAH,KUASA GELAP: PERJANJIAN DARAH,KUASA GELAP: PERJANJIAN DARAH,kuasa gelap: perjanjian darah,kuasa gelap: perjanjian darah,kuasa gelap perjanjian darah,kuasa gelap perjanjian darah,kuasa gelap janji darah
FORGOTTEN ISLAND,"Adventure, Animation",109,R13+,"Joel Crawford, Januel P. Mercado",FORGOTTEN ISLAND,FORGOTTEN ISLAND,FORGOTTEN ISLAND,forgotten island,forgotten island,forgotten island,forgotten island,forgotten island
DIGGER,"Comedy, Thriller",129,D17+,Alejandro G. Inarritu,DIGGER,DIGGER,DIGGER,digger,digger,digger,digger,digger
WARGA RUSUN 609,"Comedy, Horror",103,R13+,Herwin Novianto,WARGA RUSUN 609,WARGA RUSUN 609,WARGA RUSUN 609,warga rusun 609,warga rusun 609,warga rusun 609,warga rusun 609,warga rusun 609
DJAMIN SETIA SELAMANYA,"Biography, History",103,R13+,Rako Prijanto,DJAMIN SETIA SELAMANYA,DJAMIN SETIA SELAMANYA,DJAMIN SETIA SELAMANYA,djamin setia selamanya,djamin setia selamanya,djamin setia selamanya,djamin setia,djamin setia
VERITY,Psychological Thriller,117,D17+,Michael Showalter,VERITY,VERITY,VERITY,verity,verity,verity,verity,verity
